{
  "name": "防护服",
  "icon": "nuclearcraft:helm_hazmat",
  "category": "nuclearcraft:items",
  "sortnum": 0,
  "pages": [
    {
      "anchor": "hazmat",
      "type": "items/4",
      "header": "防护服",
      "item1": "nuclearcraft:helm_hazmat",
      "item2": "nuclearcraft:chest_hazmat",
      "item3": "nuclearcraft:legs_hazmat",
      "item4": "nuclearcraft:boots_hazmat",
      "text": "$(item)防护服$()可以减少你在辐射中的暴露。防护服的每一部分都有辐射抗性为你提供保护，辐射抗性的大小决定保护的多少。"
    }
  ]
}