{
  "name": "抗辐宁",
  "icon": "nuclearcraft:radaway",
  "category": "nuclearcraft:items",
  "sortnum": 0,
  "pages": [
    {
      "anchor": "radaway",
      "type": "items/2",
      "header": "抗辐宁",
      "item1": "nuclearcraft:radaway",
      "item2": "nuclearcraft:radaway_slow",
      "text": "$(item)抗辐宁$()以及$(item)缓效抗辐宁$()会以一定的速度移除身上的辐射。普通的抗辐宁移除速度更快，但持续时间没有缓效抗辐宁长。"
    }
  ]
}