{
  "name": "辐射监测",
  "icon": "nuclearcraft:radiation_badge",
  "category": "nuclearcraft:items",
  "sortnum": 0,
  "pages": [
    {
      "anchor": "geiger-counter",
      "type": "items/1",
      "header": "盖革计数器",
      "item": "nuclearcraft:geiger_counter",
      "text": "$(item)盖革计数器$()能让你监测环境辐射并了解自己的辐射，也可以查看实体所受的辐射。如果不在快捷栏中，则盖革计数器不会产生音效。方块形式的盖革计数器可以被放置在世界中，并提供所在区块的辐射信息。"
    },
    {
      "anchor": "radiation-badge",
      "type": "items/1",
      "header": "辐射徽章",
      "item": "nuclearcraft:radiation_badge",
      "text": "$(item)辐射徽章$()的佩戴者可以了解自己的辐射等级。达到一定辐射等级时辐射徽章会提示佩戴者，直到一定的最大值。"
    }
  ]
}