{
  "name": "辐射防护板",
  "icon": "nuclearcraft:rad_shielding:0",
  "category": "nuclearcraft:items",
  "sortnum": 0,
  "pages": [
    {
      "anchor": "hazmat",
      "type": "items/3",
      "header": "辐射防护板",
      "item1": "nuclearcraft:rad_shielding:0",
      "item2": "nuclearcraft:rad_shielding:1",
      "item3": "nuclearcraft:rad_shielding:2",
      "text": "为盔甲安装$(item)辐射防护板$()可使之获得辐射抗性，大小由辐射防护板的种类决定。辐射防护板提供的辐射抗性可以叠加。"
    }
  ]
}