{
	"name": "产能器",
	"icon": "nuclearcraft:rtg_uranium",
	"category": "nuclearcraft:machines",
	"sortnum": 1,
	"pages": [
	  {
		"anchor": "intro",
		"type": "text",
		"text": "这些机器产出的能量较少，但也相当容易操作。"
	  },
	  {
		"anchor": "solar_panel",
		"type": "blocks/4",
		"header": "太阳能电池板",
		"tier1": "nuclearcraft:solar_panel_basic",
		"tier2": "nuclearcraft:solar_panel_advanced",
		"tier3": "nuclearcraft:solar_panel_du",
		"tier4": "nuclearcraft:solar_panel_elite",
		"text": "$(item)太阳能电池板$()在白天产能。"
	  },
	  {
		"anchor": "decay_generator",
		"type": "blocks/1",
		"header": "衰变产能器",
		"block": "nuclearcraft:decay_generator",
		"text": "$(item)衰变产能器$()从相邻放射性方块的衰变中产生能量。"
	  }
	]
  }
  